{"OS":{"coef":{"Mitotane_adjuvant":-0.40031825,"Age_f1":0.61851133,"Sympt_f1":0.70871767,"ENSAT_f1":0.83087889,"R_f1":0.24343559,"R_f2":0.32143979,"Ki67_f1":1.07811849,"Ki67_f2":1.40772541},"means":{"Mitotane_adjuvant":0,"Age_f1":0,"Sympt_f1":0,"ENSAT_f1":0,"R_f1":0,"R_f2":0,"Ki67_f1":0,"Ki67_f2":0},"time":[1,2,3,4,5,6,7,8,9,10,11,12,13,14,15,16,17,18,19,20,21,22,23,24,25,26,27,28,29,30,31,32,33,34,35,36,37,38,39,40,41,42,43,44,45,46,47,48,49,50,51,52,53,54,55,56,57,58,59,60,61,62,63,64,65,66,67,68,69,70,71,72,73,74,75,76,77,78,79,80,81,82,83,84,85,86,87,88,89,90,91,92,93,94,95,96,97,98,99,100,101,102,103,104,105,106,107,108,109,110,111,112,113,114,115,116,117,118,119,120,121,122,123,124,125,126,127,128,129,131,132,134,135,136,137,139,140,142,144,146,147,148,154,156,157,159,160,162,164,166,171,172,176,179,180,181,183,198,199,212,216,217,221,222,225,241,242,247,249,252],"cumhaz":[0.00017875,0.00061783,0.00095137,0.00130884,0.00145256,0.00170018,0.0020253,0.00237267,0.00298257,0.00360369,0.00504118,0.00609135,0.00641724,0.00718802,0.00893902,0.01051971,0.01179416,0.01286689,0.01439187,0.01580333,0.01746187,0.01844135,0.01922239,0.02094278,0.0217563,0.02309356,0.02421503,0.02587572,0.02729903,0.029143,0.03007497,0.03166906,0.03312943,0.03424191,0.03564521,0.03662215,0.03662215,0.03662215,0.03778713,0.03805142,0.03868308,0.04041659,0.04114628,0.04270687,0.04364206,0.04575506,0.04677001,0.04763936,0.04796135,0.04988033,0.05140375,0.05214165,0.0530125,0.05401436,0.05633668,0.05784761,0.05862431,0.05906271,0.05950722,0.06180004,0.06279579,0.06383265,0.06449463,0.06599906,0.06599906,0.0665567,0.06738064,0.067914,0.06962881,0.07002804,0.07059463,0.07059463,0.07378737,0.07533122,0.07533122,0.07533122,0.07607101,0.07607101,0.07716776,0.07716776,0.07716776,0.07716776,0.07782397,0.07782397,0.07852667,0.08027263,0.08027263,0.081283,0.08187313,0.08404849,0.08404849,0.08494426,0.08494426,0.08494426,0.08494426,0.08599519,0.08918922,0.0900182,0.09300278,0.09300278,0.09300278,0.09300278,0.09562512,0.09688722,0.09688722,0.09688722,0.09688722,0.09688722,0.09905554,0.09905554,0.09905554,0.09905554,0.09905554,0.09905554,0.09905554,0.09905554,0.09905554,0.10187948,0.10187948,0.10187948,0.10187948,0.10187948,0.10387267,0.10387267,0.10387267,0.10387267,0.10701779,0.10701779,0.10701779,0.1111457,0.1111457,0.1111457,0.1111457,0.1111457,0.1111457,0.1111457,0.1111457,0.11423714,0.11423714,0.11423714,0.11423714,0.11863782,0.11863782,0.11863782,0.11863782,0.11863782,0.11863782,0.12528305,0.13168851,0.13168851,0.13168851,0.13168851,0.13168851,0.13827514,0.13827514,0.13827514,0.13827514,0.13827514,0.13827514,0.15047977,0.15047977,0.15047977,0.15047977,0.15047977,0.15047977,0.15047977,0.15047977,0.15047977,0.27516891,0.27516891]},"PFS":{"coef":{"Mitotane_adjuvant":-0.53301329,"Age_f1":0.16762963,"Sympt_f1":0.49760336,"ENSAT_f1":0.72228545,"R_f1":0.5184274,"R_f2":0.28982368,"Ki67_f1":0.8308311,"Ki67_f2":1.31089785},"means":{"Mitotane_adjuvant":0,"Age_f1":0,"Sympt_f1":0,"ENSAT_f1":0,"R_f1":0,"R_f2":0,"Ki67_f1":0,"Ki67_f2":0},"time":[1,2,3,4,5,6,7,8,9,10,11,12,13,14,15,16,17,18,19,20,21,22,23,24,25,26,27,28,29,30,31,32,33,34,35,36,37,38,39,40,41,42,43,44,45,46,47,48,49,50,51,52,54,55,56,57,58,59,60,61,62,63,64,65,66,67,68,69,70,71,72,73,74,75,76,77,78,79,80,81,82,83,84,85,86,87,88,89,90,91,92,93,94,96,97,98,99,100,101,103,104,105,107,108,109,111,112,114,115,117,118,119,120,121,123,124,125,126,127,128,129,132,134,135,137,139,142,144,147,148,154,157,159,172,174,176,182,183,200,216,225,251,252],"cumhaz":[0.00457261,0.01240799,0.02283497,0.02822538,0.03619597,0.04810068,0.05655788,0.06225363,0.06820145,0.07502676,0.08150714,0.08824023,0.09130142,0.09993517,0.1070173,0.11489592,0.12397219,0.13156236,0.13809134,0.14491911,0.15753446,0.16375113,0.17500587,0.18205515,0.18554782,0.18717357,0.18868362,0.19513335,0.19906924,0.20280587,0.20476422,0.20680281,0.21325491,0.22075241,0.221886,0.22260605,0.23552366,0.23997972,0.24132601,0.24378101,0.2478029,0.2518612,0.2530281,0.2540815,0.25934718,0.2619469,0.2648315,0.27119391,0.2746269,0.2746269,0.27612522,0.27612522,0.27974653,0.27974653,0.28120545,0.28415036,0.28750025,0.28750025,0.29225835,0.29402798,0.29402798,0.29402798,0.29581408,0.29581408,0.29581408,0.29581408,0.29581408,0.29779804,0.29779804,0.29993165,0.30266161,0.30266161,0.30605047,0.31362303,0.317133,0.31948945,0.31948945,0.32184568,0.32184568,0.32386247,0.32386247,0.32386247,0.32689183,0.32995056,0.32995056,0.32995056,0.33294882,0.33294882,0.33294882,0.33294882,0.33294882,0.33294882,0.33294882,0.33294882,0.33694083,0.33694083,0.34128085,0.34128085,0.34128085,0.34128085,0.34128085,0.34128085,0.34128085,0.34128085,0.34128085,0.34128085,0.34128085,0.34128085,0.34128085,0.34128085,0.34128085,0.34128085,0.34128085,0.34128085,0.34128085,0.34128085,0.34128085,0.34128085,0.34128085,0.34128085,0.34128085,0.34128085,0.34128085,0.34128085,0.34128085,0.34128085,0.35727687,0.35727687,0.35727687,0.35727687,0.35727687,0.35727687,0.35727687,0.35727687,0.35727687,0.35727687,0.42467399,0.42467399,0.46012628,0.46012628,0.46012628,0.46012628,0.46012628]},"terms":["Mitotane_adjuvant","Age_f1","Sympt_f1","ENSAT_f1","R_f1","R_f2","Ki67_f1","Ki67_f2"],"meta":{"model":"Doubly-Robust IPTW Cox","n_dev":755,"n_ext":97,"restriction":"ENSAT I-III, R0/RX/R1","seed":20260717,"horizons":{"OS":60,"PFS":36},"HR":{"OS":[0.67,0.52,0.86],"PFS":[0.587,0.48,0.717]}}}
